,Job Family,Total Benefits,Total Compensation,Percent_Total_Benefit
0,Journeyman Trade,41432.55,143916.66,28.78926595433774
2,Management,67.28,267.28,25.172104160431015
3,Legal & Court,736.13,2519.13,29.221596344769818
5,"Clerical, Secretarial & Steno",35843.78,119851.55,29.906813887680215
7,Public Service Aide,11956.7,36136.7,33.08741528695205
